Scenario,T_sim,T_theo,R_sim
E_gt_V0,0.7263364791870117,0.8767987189749749,0.2736635208129883
E_lt_V0,0.11050951480865479,0.0,0.8894904851913452
